{
    "DropShake": {
        "dropout_rate": [
            [
                -1,
                1
            ],
            [
                -1,
                1
            ]
        ],
        "validation_accuracy": [
            43.75544330256053,
            49.15519944260582
        ]
    },
    "ShakeDrop": {
        "dropout_rate": [
            [
                -1,
                1
            ],
            [
                0,
                1
            ]
        ],
        "validation_accuracy": [
            39.36596411774952,
            49.64291935202926,
            47.744295418916565,
            54.554955582651104,
            55.00783835568716,
            53.68402717296638,
            57.28967078906114,
            58.78766765371886,
            58.40445915345759,
            56.55809092492597,
            55.443302560529524,
            56.14004528827731,
            51.7157289670789,
            56.41874237937642,
            58.456714858038666,
            58.003832085002614,
            54.8684898101376,
            57.06322940254311,
            57.847064971259364,
            58.752830517331475,
            56.4709980839575,
            55.8265110607908,
            57.986413516808916,
            56.68002090228183,
            57.690297857516114,
            57.533530743772864,
            57.0980665389305,
            58.61348197178192,
            58.003832085002614,
            58.56122626720084,
            58.299947744295416,
            56.018115310921445,
            58.54380769900714,
            58.83992335829995,
            58.94443476746211,
            58.24769203971434,
            57.812227834871976,
            58.96185333565581,
            58.78766765371886,
            59.76310747256576,
            59.41473610869186,
            59.362480404110784,
            58.752830517331475,
            58.71799338094409,
            58.71799338094409,
            59.658596063403586,
            59.501828949660336,
            60.00696742727748,
            59.39731754049817,
            59.048946176624284,
            58.299947744295416,
            58.78766765371886,
            59.72827033617837,
            60.04180456366487,
            59.55408465424142,
            59.57150322243512,
            58.735411949137784,
            59.86761888172792,
            59.066364744817974,
            59.693433199790974,
            58.83992335829995,
            59.55408465424142,
            60.05922313185856,
            59.41473610869186,
            61.017244382511755,
            60.12889740463334,
            59.536666086047724,
            59.55408465424142,
            59.031527608430586,
            59.60634035882251,
            59.71085176798467,
            59.72827033617837,
            59.41473610869186,
            59.327643267723396,
            59.76310747256576,
            59.55408465424142,
            60.250827381989204,
            60.51210590489462,
            59.86761888172792,
            60.35533879115137,
            59.9372931545027,
            60.04180456366487,
            59.170876153980146,
            59.501828949660336,
            59.24055042675492,
            59.08378331301167,
            59.83278174534053,
            58.92701619926842,
            58.596063403588225,
            59.6237589270162,
            59.484410381466645,
            59.91987458630901,
            58.82250479010625,
            59.44957324507926,
            59.60634035882251,
            59.3102246995297,
            59.014109040236896,
            59.25796899494861,
            58.77024908552517,
            60.16373454102073
        ]
    }
}