{
    "Variational": {
        "dropout_rate": [
            -8,
            5
        ],
        "test_accuracy": [
            47.43661186960156,
            52.577319587628864,
            53.85901365282808,
            56.07411535246587,
            55.76762329339649,
            56.68709947060462,
            55.739760378935635,
            56.15770409584842,
            56.04625243800501,
            57.2025633881304,
            57.592644190582334,
            57.21649484536083,
            56.29701866815269,
            56.43633324045695,
            56.22736138200056,
            58.219559765951516,
            57.7319587628866,
            57.522986904430205,
            57.244357759821675,
            58.094176650877685,
            58.02451936472555,
            56.310950125383116,
            58.163833937029814,
            58.01058790749512,
            58.02451936472555,
            58.23349122318194,
            58.08024519364726,
            57.300083588743384,
            57.10504318751742,
            58.205628308721096,
            57.38367233212594,
            58.205628308721096,
            58.44246308163834,
            59.23655614377264,
            57.95486207857342,
            57.982724993034275,
            58.74895514070772,
            56.81248258567846,
            58.17776539426024,
            58.344942881025354,
            58.23349122318194,
            58.17776539426024,
            57.132906101978264,
            58.498188910560046,
            58.219559765951516,
            57.885204792421284,
            58.01058790749512,
            57.926999164112566,
            57.7319587628866,
            56.81248258567846,
            57.96879353580385,
            57.2025633881304,
            58.0523822791864,
            57.82947896349958,
            57.592644190582334,
            58.12203956533853,
            57.60657564781276,
            57.34187796043466,
            58.038450821955976,
            58.17776539426024,
            58.41460016717749,
            58.74895514070772,
            58.12203956533853,
            58.24742268041237,
            58.48425745332962,
            58.80468096962942,
            58.47032599609919,
            58.81861242685985,
            58.90220117024241,
            58.65143494009473,
            59.1111730286988,
            59.18083031485094,
            59.250487601003066,
            59.19476177208136,
            59.15296740039008,
            59.1111730286988,
            59.23655614377264,
            59.18083031485094,
            59.04151574254667,
            59.29228197269435,
            59.208693229311784,
            59.139035943159655,
            59.083310114237946,
            59.027584285316244,
            59.01365282808582,
            59.27835051546392,
            58.93006408470326,
            59.139035943159655,
            58.90220117024241,
            58.860406798551125,
            58.88826971301198,
            59.27835051546392,
            59.18083031485094,
            58.916132627472834,
            59.069378657007526,
            58.66536639732516,
            59.19476177208136,
            59.12510448592923,
            59.19476177208136,
            59.19476177208136
        ]
    }
}