{
    "Variational": {
        "dropout_rate": [
            -12,
            4
        ],
        "validation_accuracy": [
            44.36509318933984,
            50.008709284096845,
            51.90733321720955,
            53.28340010451141,
            54.74655983278175,
            55.07751262846194,
            54.01497996864658,
            55.286535446786274,
            54.206584218777216,
            54.2588399233583,
            54.398188468907854,
            54.31109562793938,
            55.861348197178195,
            54.903326946525,
            54.32851419613308,
            54.41560703710155,
            55.09493119665564,
            56.20971956105208,
            55.565232537885386,
            55.721999651628636,
            55.8265110607908,
            54.398188468907854,
            56.26197526563317,
            56.331649538407945,
            55.47813969691691,
            56.83678801602508,
            55.530395401498,
            55.23427974220519,
            55.77425535620972,
            56.20971956105208,
            56.453579515763806,
            57.21999651628636,
            56.57550949311967,
            56.36648667479533,
            55.251698310398886,
            56.4709980839575,
            55.94844103814666,
            56.505835220344885,
            56.29681240202056,
            56.174882424664695,
            56.00069674272775,
            55.93102246995297,
            56.192300992858385,
            56.27939383382686,
            57.34192649364222,
            57.58578644835394,
            57.498693607385476,
            57.707716425709805,
            57.62062358474133,
            57.864483539453055,
            57.812227834871976,
            57.655460721128726,
            57.986413516808916,
            57.77739069848459,
            57.550949311966555,
            57.655460721128726,
            58.021250653196304,
            57.79480926667828,
            57.74255356209719,
            57.847064971259364,
            57.63804215293503,
            57.655460721128726,
            57.63804215293503,
            58.003832085002614,
            57.91673924403414,
            58.143180630552166,
            57.968994948615226,
            57.968994948615226,
            57.968994948615226,
            57.77739069848459,
            58.143180630552166,
            57.986413516808916,
            58.0560877895837,
            57.95157638042153,
            58.07350635777739,
            58.125762062358476,
            58.21285490332695,
            58.09092492597109,
            58.24769203971434,
            57.82964640306567,
            58.282529176101725,
            57.82964640306567,
            58.19543633513325,
            58.0560877895837,
            57.91673924403414,
            58.31736631248911,
            57.847064971259364,
            58.07350635777739,
            58.23027347152064,
            58.143180630552166,
            58.24769203971434,
            57.968994948615226,
            58.21285490332695,
            58.19543633513325,
            58.125762062358476,
            57.88190210764675,
            58.0560877895837,
            58.143180630552166,
            58.3696220170702,
            58.160599198745864
        ]
    }
}