{
    "Variational": {
        "dropout_rate": [
            -10,
            4
        ],
        "validation_accuracy": [
            43.68576902978575,
            49.03326946524996,
            52.27312314927713,
            52.53440167218255,
            54.10207280961505,
            53.57951576380422,
            53.178888695349244,
            54.816234105556525,
            53.68402717296638,
            53.26598153631772,
            54.31109562793938,
            53.68402717296638,
            53.52726005922313,
            54.973001219299775,
            54.990419787493465,
            56.192300992858385,
            54.53753701445741,
            55.04267549207455,
            54.084654241421354,
            54.520118446263716,
            55.80909249259711,
            56.10520815188991,
            56.20971956105208,
            56.610346629507056,
            56.07037101550252,
            57.16774081170528,
            56.923880856993556,
            57.74255356209719,
            58.07350635777739,
            57.411600766417,
            57.864483539453055,
            58.26511060790803,
            57.968994948615226,
            57.986413516808916,
            58.24769203971434,
            58.19543633513325,
            57.89932067584044,
            57.812227834871976,
            58.143180630552166,
            58.3522034488765,
            58.03866922139,
            58.282529176101725,
            58.09092492597109,
            57.847064971259364,
            58.26511060790803,
            58.299947744295416,
            58.64831910816931,
            58.3696220170702,
            58.439296289844975,
            58.26511060790803,
            58.31736631248911,
            58.61348197178192,
            58.42187772165128,
            58.3522034488765,
            58.299947744295416,
            57.968994948615226,
            58.38704058526389,
            58.6831562445567,
            58.23027347152064,
            58.19543633513325,
            58.3522034488765,
            58.24769203971434,
            58.61348197178192,
            58.57864483539453,
            58.282529176101725,
            58.42187772165128,
            58.09092492597109,
            58.26511060790803,
            58.0560877895837,
            57.91673924403414,
            58.19543633513325,
            58.10834349416478,
            57.88190210764675,
            58.299947744295416,
            58.40445915345759,
            58.38704058526389,
            58.282529176101725,
            58.07350635777739,
            58.10834349416478,
            57.88190210764675,
            57.79480926667828,
            58.49155199442606,
            58.03866922139,
            58.52638913081345,
            58.021250653196304,
            58.125762062358476,
            58.38704058526389,
            58.299947744295416,
            58.33478488068281,
            58.26511060790803,
            57.986413516808916,
            58.23027347152064,
            58.40445915345759,
            58.282529176101725,
            58.31736631248911,
            58.3696220170702,
            58.38704058526389,
            58.125762062358476,
            58.21285490332695,
            58.26511060790803
        ]
    }
}