{
    "Variational": {
        "dropout_rate": [
            -10,
            3
        ],
        "validation_accuracy": [
            45.86309005399756,
            48.99843232886257,
            53.004703013412296,
            51.820240376241074,
            53.66660860477269,
            53.96272426406549,
            52.29054171747082,
            54.43302560529524,
            52.29054171747082,
            54.816234105556525,
            55.26911687859258,
            54.85107124194391,
            55.26911687859258,
            54.049817105033966,
            54.380769900714164,
            55.47813969691691,
            56.29681240202056,
            55.286535446786274,
            55.8265110607908,
            54.46786274168263,
            54.903326946525,
            56.453579515763806,
            54.74655983278175,
            53.771120013934855,
            55.23427974220519,
            56.55809092492597,
            56.00069674272775,
            56.29681240202056,
            56.331649538407945,
            56.87162515241247,
            55.94844103814666,
            56.4709980839575,
            55.63490681066016,
            56.36648667479533,
            54.13690994600244,
            56.174882424664695,
            54.973001219299775,
            56.018115310921445,
            56.610346629507056,
            54.8859083783313,
            55.8439296289845,
            55.33879115136736,
            56.20971956105208,
            55.93102246995297,
            56.4709980839575,
            56.662602334088135,
            57.02839226615572,
            57.51611217557917,
            57.34192649364222,
            57.42901933461069,
            57.74255356209719,
            57.34192649364222,
            57.7251349939035,
            57.51611217557917,
            57.707716425709805,
            57.63804215293503,
            57.44643790280439,
            57.34192649364222,
            57.533530743772864,
            57.7251349939035,
            57.46385647099808,
            57.690297857516114,
            58.09092492597109,
            57.847064971259364,
            57.63804215293503,
            57.67287928932242,
            57.690297857516114,
            57.82964640306567,
            57.75997213029089,
            57.864483539453055,
            57.62062358474133,
            57.74255356209719,
            57.812227834871976,
            57.690297857516114,
            57.812227834871976,
            57.82964640306567,
            58.021250653196304,
            57.376763630029615,
            57.67287928932242,
            57.51611217557917,
            57.376763630029615,
            57.79480926667828,
            57.67287928932242,
            57.60320501654764,
            57.968994948615226,
            58.03866922139,
            58.07350635777739,
            57.63804215293503,
            57.51611217557917,
            57.394182198223305,
            57.707716425709805,
            57.63804215293503,
            57.394182198223305,
            57.7251349939035,
            57.75997213029089,
            57.82964640306567,
            57.655460721128726,
            57.51611217557917,
            57.67287928932242,
            57.88190210764675
        ]
    }
}