{
    "Variational": {
        "dropout_rate": [
            -10,
            5
        ],
        "test_accuracy": [
            43.78657007522987,
            48.16104764558373,
            52.730565617163556,
            55.670103092783506,
            55.19643354694901,
            55.72582892170521,
            55.47506269155754,
            54.73669545834494,
            56.85427695736974,
            57.48119253273892,
            56.380607411535244,
            56.18556701030928,
            53.53859013652828,
            55.30788520479242,
            56.840345500139314,
            56.603510727222066,
            56.78461967121761,
            57.7876845918083,
            57.91306770688214,
            57.67623293396489,
            57.745890220117026,
            57.84341042073001,
            56.96572861521315,
            56.603510727222066,
            57.53691836166063,
            57.91306770688214,
            58.41460016717749,
            57.80161604903873,
            57.77375313457787,
            57.996656450264695,
            57.84341042073001,
            58.23349122318194,
            57.50905544719978,
            58.08024519364726,
            57.815547506269155,
            58.5260518250209,
            56.603510727222066,
            58.386737252716635,
            57.300083588743384,
            58.60964056840346,
            57.982724993034275,
            57.27222067428253,
            58.5260518250209,
            59.34800780161605,
            59.01365282808582,
            59.16689885762051,
            59.30621342992477,
            59.208693229311784,
            59.640568403455,
            59.73808860406798,
            59.5848425745333,
            59.640568403455,
            59.5848425745333,
            59.41766508776818,
            59.654499860685426,
            59.16689885762051,
            59.40373363053775,
            59.654499860685426,
            59.640568403455,
            59.654499860685426,
            59.543048202842016,
            59.34800780161605,
            59.57091111730287,
            59.79381443298969,
            59.68236277514628,
            59.5848425745333,
            59.73808860406798,
            59.72415714683756,
            59.543048202842016,
            59.76595151852884,
            59.668431317915854,
            59.51518528838116,
            59.41766508776818,
            59.45945945945946,
            59.5848425745333,
            59.75202006129841,
            59.57091111730287,
            59.68236277514628,
            59.72415714683756,
            59.83560880468097,
            59.40373363053775,
            59.57091111730287,
            59.45945945945946,
            59.3758707160769,
            59.34800780161605,
            59.598774031763725,
            59.80774589022012,
            59.41766508776818,
            59.27835051546392,
            59.654499860685426,
            59.55697966007244,
            59.598774031763725,
            59.75202006129841,
            59.52911674561159,
            59.640568403455,
            59.654499860685426,
            59.598774031763725,
            59.668431317915854,
            59.41766508776818,
            59.57091111730287
        ]
    }
}