{
    "Variational": {
        "dropout_rate": [
            -12,
            3
        ],
        "validation_accuracy": [
            41.403936596411775,
            50.775126284619404,
            51.977007489984324,
            54.32851419613308,
            53.85821285490333,
            54.79881553736283,
            52.63891308134471,
            52.93502874063752,
            53.07437728618707,
            55.33879115136736,
            54.29367705974569,
            53.68402717296638,
            54.95558265110608,
            54.93816408291239,
            55.129768333043025,
            54.74655983278175,
            54.676885560006966,
            55.16460546943041,
            55.5129768333043,
            56.38390524298902,
            55.66974394704755,
            55.530395401498,
            55.443302560529524,
            52.44730883121407,
            56.14004528827731,
            55.49555826511061,
            55.443302560529524,
            56.62776519770075,
            56.488416652151194,
            56.784532311443996,
            55.443302560529524,
            54.74655983278175,
            55.756836788016024,
            55.68716251524125,
            56.20971956105208,
            55.129768333043025,
            55.93102246995297,
            57.376763630029615,
            57.25483365267375,
            56.99355512976833,
            56.85420658421878,
            57.411600766417,
            57.79480926667828,
            57.58578644835394,
            57.58578644835394,
            57.707716425709805,
            57.30708935725483,
            57.60320501654764,
            57.82964640306567,
            58.03866922139,
            57.93415781222784,
            57.812227834871976,
            57.812227834871976,
            58.03866922139,
            57.690297857516114,
            58.003832085002614,
            58.0560877895837,
            57.79480926667828,
            58.021250653196304,
            57.82964640306567,
            57.89932067584044,
            57.75997213029089,
            57.74255356209719,
            57.79480926667828,
            57.91673924403414,
            57.74255356209719,
            57.95157638042153,
            58.0560877895837,
            57.986413516808916,
            57.690297857516114,
            58.0560877895837,
            58.07350635777739,
            57.707716425709805,
            58.021250653196304,
            58.03866922139,
            58.10834349416478,
            57.74255356209719,
            58.07350635777739,
            57.968994948615226,
            57.91673924403414,
            57.655460721128726,
            57.91673924403414,
            57.95157638042153,
            57.968994948615226,
            57.655460721128726,
            57.968994948615226,
            58.07350635777739,
            58.143180630552166,
            57.91673924403414,
            58.160599198745864,
            58.3522034488765,
            57.968994948615226,
            58.09092492597109,
            58.178017766939554,
            58.125762062358476,
            58.178017766939554,
            58.33478488068281,
            58.003832085002614,
            58.003832085002614,
            58.03866922139
        ]
    }
}