{
    "Variational": {
        "dropout_rate": [
            -10,
            2
        ],
        "validation_accuracy": [
            43.26772339313708,
            49.15519944260582,
            51.57638042152935,
            53.24856296812402,
            53.64919003657899,
            54.10207280961505,
            51.57638042152935,
            54.60721128723219,
            54.53753701445741,
            53.87563142309702,
            51.28026476223654,
            54.5723741508448,
            54.64204842361958,
            55.77425535620972,
            54.224002786970914,
            55.23427974220519,
            54.816234105556525,
            54.084654241421354,
            56.07037101550252,
            54.15432851419613,
            55.37362828775475,
            54.13690994600244,
            54.01497996864658,
            55.600069674272774,
            55.1994426058178,
            53.71886430935377,
            55.913603901759274,
            54.48528130987633,
            55.286535446786274,
            53.80595715032224,
            55.73941821982233,
            55.33879115136736,
            54.8859083783313,
            55.77425535620972,
            54.973001219299775,
            55.68716251524125,
            55.46072112872322,
            56.05295244730883,
            56.645183765894444,
            56.923880856993556,
            57.44643790280439,
            57.237415084480055,
            57.533530743772864,
            57.550949311966555,
            57.46385647099808,
            57.67287928932242,
            57.62062358474133,
            57.7251349939035,
            57.63804215293503,
            57.58578644835394,
            57.56836788016025,
            57.34192649364222,
            57.63804215293503,
            58.07350635777739,
            57.95157638042153,
            57.82964640306567,
            57.707716425709805,
            57.82964640306567,
            57.88190210764675,
            57.864483539453055,
            57.89932067584044,
            57.67287928932242,
            57.88190210764675,
            58.021250653196304,
            57.89932067584044,
            57.95157638042153,
            58.07350635777739,
            57.82964640306567,
            58.0560877895837,
            57.812227834871976,
            57.77739069848459,
            57.79480926667828,
            57.88190210764675,
            57.655460721128726,
            57.812227834871976,
            57.91673924403414,
            57.7251349939035,
            58.021250653196304,
            57.91673924403414,
            57.812227834871976,
            58.021250653196304,
            58.143180630552166,
            57.986413516808916,
            57.655460721128726,
            57.93415781222784,
            57.77739069848459,
            57.91673924403414,
            57.91673924403414,
            57.864483539453055,
            57.67287928932242,
            57.847064971259364,
            57.7251349939035,
            57.7251349939035,
            57.82964640306567,
            57.74255356209719,
            57.58578644835394,
            57.79480926667828,
            57.79480926667828,
            57.812227834871976,
            57.75997213029089
        ]
    }
}