{
    "Variational": {
        "dropout_rate": [
            -12,
            2
        ],
        "validation_accuracy": [
            44.03414039365964,
            47.3088312140742,
            51.053823375718515,
            53.457585786448355,
            53.9453056958718,
            55.443302560529524,
            54.41560703710155,
            55.09493119665564,
            54.93816408291239,
            52.987284445218606,
            55.11234976484933,
            54.049817105033966,
            54.43302560529524,
            55.61748824246647,
            54.74655983278175,
            55.09493119665564,
            55.33879115136736,
            54.76397840097544,
            55.68716251524125,
            56.14004528827731,
            55.5129768333043,
            56.57550949311967,
            56.29681240202056,
            56.41874237937642,
            56.662602334088135,
            57.498693607385476,
            56.74969517505661,
            57.51611217557917,
            56.41874237937642,
            56.00069674272775,
            57.02839226615572,
            56.923880856993556,
            55.46072112872322,
            55.600069674272774,
            56.645183765894444,
            56.4709980839575,
            56.22713812924577,
            56.00069674272775,
            56.453579515763806,
            56.505835220344885,
            56.54067235673228,
            57.35934506183592,
            56.73227660686292,
            56.767113743250306,
            57.18515937989897,
            57.20257794809267,
            57.30708935725483,
            56.83678801602508,
            57.02839226615572,
            57.707716425709805,
            57.21999651628636,
            57.498693607385476,
            57.44643790280439,
            57.42901933461069,
            57.46385647099808,
            57.51611217557917,
            57.376763630029615,
            57.56836788016025,
            57.60320501654764,
            57.63804215293503,
            57.74255356209719,
            57.864483539453055,
            57.63804215293503,
            57.864483539453055,
            58.03866922139,
            57.67287928932242,
            57.91673924403414,
            57.986413516808916,
            58.125762062358476,
            57.91673924403414,
            57.864483539453055,
            57.847064971259364,
            57.847064971259364,
            57.88190210764675,
            57.690297857516114,
            57.986413516808916,
            58.03866922139,
            58.160599198745864,
            58.003832085002614,
            58.31736631248911,
            58.0560877895837,
            58.19543633513325,
            58.160599198745864,
            58.40445915345759,
            58.282529176101725,
            58.003832085002614,
            58.09092492597109,
            58.160599198745864,
            58.021250653196304,
            58.178017766939554,
            58.178017766939554,
            58.07350635777739,
            58.24769203971434,
            58.07350635777739,
            57.968994948615226,
            58.07350635777739,
            58.003832085002614,
            58.07350635777739,
            58.160599198745864,
            57.968994948615226
        ]
    }
}