{
    "Variational": {
        "dropout_rate": [
            -8,
            4
        ],
        "validation_accuracy": [
            46.33339139522731,
            49.34680369273646,
            53.022121581605994,
            52.96986587702491,
            54.398188468907854,
            54.46786274168263,
            54.067235673227664,
            53.56209719561052,
            51.22800905765546,
            54.224002786970914,
            53.614352900191605,
            55.09493119665564,
            53.196307263542934,
            53.98014283225919,
            52.20344887650235,
            54.29367705974569,
            54.03239853684027,
            54.43302560529524,
            54.43302560529524,
            55.61748824246647,
            55.1994426058178,
            54.2588399233583,
            55.11234976484933,
            55.721999651628636,
            55.96585960634036,
            56.36648667479533,
            55.06009406026825,
            54.48528130987633,
            54.62462985542589,
            55.73941821982233,
            56.40132381118272,
            56.331649538407945,
            55.93102246995297,
            55.80909249259711,
            55.58265110607908,
            55.65232537885386,
            55.89618533356558,
            54.72914126458805,
            54.48528130987633,
            54.990419787493465,
            54.11949137780874,
            55.66974394704755,
            54.973001219299775,
            54.27625849155199,
            55.06009406026825,
            56.29681240202056,
            56.22713812924577,
            55.443302560529524,
            55.80909249259711,
            56.24455669743947,
            55.408465424142136,
            55.756836788016024,
            55.39104685594844,
            56.14004528827731,
            55.68716251524125,
            54.53753701445741,
            54.833652673750215,
            53.40533008186727,
            55.18202403762411,
            55.42588399233583,
            55.49555826511061,
            56.38390524298902,
            55.73941821982233,
            55.54781396969169,
            56.018115310921445,
            56.41874237937642,
            55.79167392440341,
            56.26197526563317,
            55.54781396969169,
            55.49555826511061,
            55.5129768333043,
            56.10520815188991,
            56.57550949311967,
            55.93102246995297,
            56.00069674272775,
            55.37362828775475,
            55.47813969691691,
            55.61748824246647,
            55.63490681066016,
            55.96585960634036,
            55.39104685594844,
            55.2168611740115,
            55.18202403762411,
            55.756836788016024,
            55.39104685594844,
            54.78139696916914,
            54.32851419613308,
            54.8684898101376,
            53.50984149102944,
            54.067235673227664,
            53.927887127678105,
            53.457585786448355,
            53.21372583173663,
            53.05695871799338,
            53.161470127155546,
            53.039540149799684,
            51.7157289670789,
            51.7505661034663,
            52.08151889914649,
            50.25256923880857
        ]
    }
}