{
    "Variational": {
        "dropout_rate": [
            -8,
            2
        ],
        "validation_accuracy": [
            45.026998780700225,
            49.102943738024734,
            52.18603030830866,
            53.54467862741683,
            54.973001219299775,
            54.554955582651104,
            54.27625849155199,
            55.8265110607908,
            54.084654241421354,
            54.224002786970914,
            54.084654241421354,
            54.13690994600244,
            54.2588399233583,
            55.16460546943041,
            54.48528130987633,
            53.771120013934855,
            55.00783835568716,
            56.018115310921445,
            55.756836788016024,
            54.049817105033966,
            54.8684898101376,
            52.46472739940777,
            52.84793589966905,
            52.13377460372757,
            52.255704581083435,
            51.0886605121059,
            52.46472739940777,
            51.14091621668699,
            49.381640829123846,
            52.76084305870057,
            50.04354642048423,
            49.90419787493468,
            41.59554084654241,
            49.79968646577252,
            44.852813098763285,
            37.362828775474654,
            39.01759275387563,
            41.874237937641524,
            40.620101027695526,
            35.3248562968124,
            37.206061661731404,
            35.0287406375196,
            32.85141961330778,
            32.10242118097892,
            32.955931022469954,
            31.77146838529873,
            31.336004180456367,
            30.9179585438077,
            28.67096324682111,
            29.524473088312142,
            29.48963595192475,
            28.252917610172442,
            29.48963595192475,
            29.750914474830168,
            30.56958717993381,
            30.343145793415783,
            28.7058003832085,
            29.768333043023862,
            29.141264588050863,
            27.4342449050688,
            28.723218951402195,
            27.399407768681414,
            28.914823201532833,
            29.3328688381815,
            24.978226789757883,
            24.57759972130291,
            23.340881379550602,
            19.334610695000872,
            19.003657899320675,
            17.6624281484062,
            14.213551646054695,
            14.213551646054695,
            14.03936596411775,
            14.03936596411775,
            14.03936596411775,
            14.03936596411775,
            14.03936596411775,
            14.03936596411775,
            14.03936596411775,
            14.03936596411775,
            14.03936596411775,
            14.03936596411775,
            14.03936596411775,
            14.03936596411775,
            14.03936596411775,
            14.03936596411775,
            14.03936596411775,
            14.03936596411775,
            14.03936596411775,
            14.03936596411775,
            14.03936596411775,
            14.03936596411775,
            14.03936596411775,
            14.03936596411775,
            14.03936596411775,
            14.03936596411775,
            14.03936596411775,
            14.03936596411775,
            14.03936596411775,
            14.03936596411775
        ]
    }
}