{
    "Variational": {
        "dropout_rate": [
            -8,
            3
        ],
        "validation_accuracy": [
            45.1140916216687,
            47.22173837310573,
            52.02926319456541,
            54.380769900714164,
            53.33565580909249,
            52.51698310398885,
            54.084654241421354,
            53.44016721825466,
            54.18916565058352,
            54.60721128723219,
            54.049817105033966,
            52.76084305870057,
            54.8684898101376,
            54.398188468907854,
            52.29054171747082,
            55.09493119665564,
            54.46786274168263,
            54.17174708238983,
            55.65232537885386,
            55.49555826511061,
            55.5129768333043,
            54.520118446263716,
            54.676885560006966,
            54.93816408291239,
            55.286535446786274,
            54.85107124194391,
            54.17174708238983,
            53.68402717296638,
            52.90019160425013,
            55.721999651628636,
            53.68402717296638,
            54.241421355164604,
            54.241421355164604,
            54.067235673227664,
            55.8439296289845,
            54.41560703710155,
            54.60721128723219,
            54.76397840097544,
            54.18916565058352,
            52.0641003309528,
            55.70458108343494,
            52.34279742205191,
            55.09493119665564,
            52.96986587702491,
            53.78853858212855,
            53.21372583173663,
            53.10921442257447,
            53.927887127678105,
            54.72914126458805,
            54.29367705974569,
            55.1994426058178,
            54.816234105556525,
            53.40533008186727,
            52.6911687859258,
            51.22800905765546,
            47.83138825988504,
            45.323114439993034,
            42.37937641525867,
            41.03814666434419,
            38.669221390001745,
            38.32085002612785,
            36.96220170701968,
            37.937641525866574,
            37.76345584392963,
            36.47448179759624,
            36.33513325204668,
            35.42936770597457,
            37.641525866573765,
            35.25518202403762,
            34.3668350461592,
            35.04615920571329,
            34.73262497822679,
            33.56558090924926,
            32.57272252220867,
            34.453927887127676,
            33.04302386343843,
            32.60755965859607,
            32.11983974917262,
            31.82372408987981,
            32.067584044591534,
            30.708935725483364,
            30.830865702839226,
            31.61470127155548,
            29.907681588573418,
            30.69151715728967,
            30.621842884514894,
            30.743772861870756,
            30.56958717993381,
            29.83800731579864,
            29.907681588573418,
            29.001916042501307,
            28.618707542240028,
            27.60843058700575,
            28.130987632816584,
            28.061313360041805,
            26.232363699703885,
            24.333739766591187,
            23.828601288974046,
            24.89113394878941,
            22.887998606514543
        ]
    }
}