{
    "Original": {
        "dropout_rate": 0.0,
        "validation_accuracy": [
            43.807699007141615,
            47.6223654415607,
            52.255704581083435,
            53.54467862741683,
            52.32537885385821,
            53.70144574116008,
            53.89304999129072,
            53.42274865006097,
            54.64204842361958,
            53.71886430935377,
            54.74655983278175,
            53.52726005922313,
            54.85107124194391,
            55.18202403762411,
            55.861348197178195,
            54.48528130987633,
            54.10207280961505,
            54.206584218777216,
            55.73941821982233,
            55.251698310398886,
            55.11234976484933,
            55.26911687859258,
            56.4709980839575,
            55.70458108343494,
            56.08778958369622,
            54.76397840097544,
            56.035533879115135,
            55.26911687859258,
            54.833652673750215,
            54.76397840097544,
            54.833652673750215,
            55.89618533356558,
            56.12262672008361,
            54.676885560006966,
            55.2168611740115,
            56.10520815188991,
            54.659466991813275,
            54.72914126458805,
            54.78139696916914,
            55.33879115136736,
            54.973001219299775,
            55.600069674272774,
            56.157463856471,
            56.68002090228183,
            56.645183765894444,
            57.21999651628636,
            56.784532311443996,
            57.06322940254311,
            57.01097369796203,
            57.35934506183592,
            57.115485107124194,
            57.18515937989897,
            57.15032224351158,
            57.533530743772864,
            57.21999651628636,
            56.90646228879986,
            56.87162515241247,
            56.958717993380944,
            56.87162515241247,
            57.115485107124194,
            56.69743947047553,
            57.25483365267375,
            57.04581083434942,
            57.02839226615572,
            57.13290367531789,
            57.080647970736806,
            57.25483365267375,
            57.06322940254311,
            57.394182198223305,
            57.28967078906114,
            57.18515937989897,
            57.21999651628636,
            57.15032224351158,
            57.34192649364222,
            57.16774081170528,
            57.06322940254311,
            57.080647970736806,
            57.06322940254311,
            57.27225222086744,
            57.30708935725483,
            57.376763630029615,
            57.06322940254311,
            57.13290367531789,
            57.115485107124194,
            57.18515937989897,
            57.21999651628636,
            57.0980665389305,
            57.16774081170528,
            57.30708935725483,
            57.32450792544853,
            57.16774081170528,
            57.20257794809267,
            57.21999651628636,
            57.13290367531789,
            57.32450792544853,
            57.15032224351158,
            57.13290367531789,
            57.376763630029615,
            57.27225222086744,
            57.18515937989897
        ]
    }
}