{
    "Dropout": {
        "dropout_rate": 0.6,
        "validation_accuracy": [
            40.951053823375716,
            46.57725134993903,
            47.134645532137256,
            51.29768333043024,
            53.33565580909249,
            53.96272426406549,
            54.711722696394354,
            53.9453056958718,
            54.31109562793938,
            53.33565580909249,
            53.52726005922313,
            55.07751262846194,
            54.58979271903849,
            53.771120013934855,
            53.57951576380422,
            54.2588399233583,
            52.48214596760146,
            54.363351332520466,
            53.66660860477269,
            55.30395401497997,
            55.129768333043025,
            55.32137258317366,
            55.09493119665564,
            55.04267549207455,
            56.349068106601635,
            55.70458108343494,
            55.33879115136736,
            54.72914126458805,
            55.79167392440341,
            55.35620971956105,
            55.18202403762411,
            55.66974394704755,
            55.46072112872322,
            55.26911687859258,
            54.53753701445741,
            55.30395401497997,
            54.363351332520466,
            55.65232537885386,
            55.63490681066016,
            55.00783835568716,
            55.37362828775475,
            55.408465424142136,
            55.42588399233583,
            55.600069674272774,
            55.46072112872322,
            56.26197526563317,
            56.035533879115135,
            54.990419787493465,
            56.29681240202056,
            54.990419787493465,
            55.58265110607908,
            54.903326946525,
            55.49555826511061,
            55.42588399233583,
            54.95558265110608,
            54.5723741508448,
            55.94844103814666,
            55.18202403762411,
            54.502699878070025,
            55.8439296289845,
            55.79167392440341,
            56.14004528827731,
            55.93102246995297,
            55.58265110607908,
            56.192300992858385,
            54.833652673750215,
            56.05295244730883,
            55.32137258317366,
            55.65232537885386,
            56.14004528827731,
            55.94844103814666,
            56.610346629507056,
            56.4709980839575,
            56.55809092492597,
            56.52325378853858,
            56.31423097021425,
            56.488416652151194,
            56.74969517505661,
            56.43616094757011,
            56.784532311443996,
            56.767113743250306,
            56.52325378853858,
            56.62776519770075,
            56.38390524298902,
            56.54067235673228,
            56.662602334088135,
            56.54067235673228,
            56.349068106601635,
            56.69743947047553,
            56.54067235673228,
            56.767113743250306,
            56.54067235673228,
            56.662602334088135,
            56.645183765894444,
            56.68002090228183,
            56.453579515763806,
            56.52325378853858,
            56.62776519770075,
            56.55809092492597,
            56.73227660686292
        ]
    }
}