{
    "Dropout": {
        "dropout_rate": 0.3,
        "validation_accuracy": [
            44.26058178017767,
            49.48615223828601,
            49.851942170353595,
            53.33565580909249,
            51.64605469430413,
            53.59693433199791,
            54.345932764326776,
            53.89304999129072,
            53.05695871799338,
            53.33565580909249,
            54.17174708238983,
            53.28340010451141,
            51.57638042152935,
            54.41560703710155,
            54.18916565058352,
            54.833652673750215,
            55.49555826511061,
            54.92074551471869,
            54.8684898101376,
            55.07751262846194,
            55.66974394704755,
            55.565232537885386,
            55.70458108343494,
            55.09493119665564,
            55.68716251524125,
            56.57550949311967,
            55.408465424142136,
            55.16460546943041,
            55.07751262846194,
            54.990419787493465,
            55.98327817453405,
            54.816234105556525,
            55.408465424142136,
            55.42588399233583,
            56.22713812924577,
            55.861348197178195,
            56.36648667479533,
            56.20971956105208,
            56.26197526563317,
            56.59292806131336,
            56.331649538407945,
            56.035533879115135,
            56.488416652151194,
            56.958717993380944,
            56.958717993380944,
            56.59292806131336,
            57.06322940254311,
            56.59292806131336,
            56.83678801602508,
            56.87162515241247,
            56.83678801602508,
            56.90646228879986,
            57.02839226615572,
            56.74969517505661,
            56.90646228879986,
            56.97613656157464,
            57.15032224351158,
            56.88904372060617,
            57.20257794809267,
            57.04581083434942,
            57.04581083434942,
            56.88904372060617,
            56.90646228879986,
            56.81936944783139,
            57.13290367531789,
            57.16774081170528,
            56.81936944783139,
            57.376763630029615,
            57.0980665389305,
            56.923880856993556,
            57.115485107124194,
            57.27225222086744,
            57.04581083434942,
            57.15032224351158,
            57.34192649364222,
            57.0980665389305,
            56.88904372060617,
            56.801950879637694,
            56.958717993380944,
            57.115485107124194,
            57.06322940254311,
            57.27225222086744,
            57.18515937989897,
            56.90646228879986,
            56.88904372060617,
            57.04581083434942,
            57.20257794809267,
            57.080647970736806,
            57.21999651628636,
            57.237415084480055,
            57.32450792544853,
            57.16774081170528,
            57.115485107124194,
            57.01097369796203,
            57.15032224351158,
            57.30708935725483,
            57.15032224351158,
            57.01097369796203,
            57.237415084480055,
            56.81936944783139
        ]
    }
}