{
    "Dropout": {
        "dropout_rate": 0.5,
        "validation_accuracy": [
            41.334262323637,
            48.71973523776346,
            51.14091621668699,
            52.39505312663299,
            53.57951576380422,
            54.48528130987633,
            53.40533008186727,
            53.28340010451141,
            54.76397840097544,
            53.96272426406549,
            54.32851419613308,
            54.206584218777216,
            54.27625849155199,
            54.85107124194391,
            54.990419787493465,
            54.85107124194391,
            55.70458108343494,
            56.05295244730883,
            56.349068106601635,
            56.14004528827731,
            55.54781396969169,
            55.530395401498,
            54.067235673227664,
            55.30395401497997,
            55.49555826511061,
            55.30395401497997,
            53.66660860477269,
            55.66974394704755,
            54.41560703710155,
            55.80909249259711,
            56.31423097021425,
            55.600069674272774,
            56.488416652151194,
            56.26197526563317,
            55.286535446786274,
            56.24455669743947,
            56.52325378853858,
            55.721999651628636,
            55.8439296289845,
            55.756836788016024,
            55.98327817453405,
            55.54781396969169,
            56.97613656157464,
            57.21999651628636,
            56.83678801602508,
            57.06322940254311,
            57.533530743772864,
            57.06322940254311,
            56.87162515241247,
            57.394182198223305,
            57.533530743772864,
            57.75997213029089,
            57.237415084480055,
            57.498693607385476,
            57.21999651628636,
            57.376763630029615,
            57.34192649364222,
            57.707716425709805,
            57.498693607385476,
            57.74255356209719,
            57.655460721128726,
            57.707716425709805,
            57.77739069848459,
            57.986413516808916,
            57.77739069848459,
            57.655460721128726,
            57.498693607385476,
            57.77739069848459,
            57.394182198223305,
            57.46385647099808,
            57.864483539453055,
            57.655460721128726,
            57.56836788016025,
            57.533530743772864,
            58.021250653196304,
            57.498693607385476,
            57.35934506183592,
            57.56836788016025,
            57.60320501654764,
            57.707716425709805,
            57.67287928932242,
            57.82964640306567,
            57.812227834871976,
            57.67287928932242,
            57.7251349939035,
            57.550949311966555,
            57.67287928932242,
            57.75997213029089,
            58.07350635777739,
            57.77739069848459,
            57.812227834871976,
            57.847064971259364,
            57.60320501654764,
            57.707716425709805,
            57.88190210764675,
            57.95157638042153,
            57.88190210764675,
            58.0560877895837,
            57.74255356209719,
            57.58578644835394
        ]
    }
}