{
    "Dropout": {
        "dropout_rate": 0.1,
        "validation_accuracy": [
            43.511583347848806,
            49.88677930674098,
            50.44417348893921,
            52.6737502177321,
            53.318237240898796,
            53.10921442257447,
            52.16861174011496,
            54.816234105556525,
            53.196307263542934,
            53.82337571851594,
            54.01497996864658,
            53.80595715032224,
            54.049817105033966,
            54.32851419613308,
            53.9453056958718,
            54.64204842361958,
            54.554955582651104,
            54.5723741508448,
            55.98327817453405,
            56.41874237937642,
            56.035533879115135,
            56.192300992858385,
            55.33879115136736,
            55.39104685594844,
            55.98327817453405,
            56.27939383382686,
            56.22713812924577,
            53.82337571851594,
            55.00783835568716,
            55.530395401498,
            55.00783835568716,
            56.26197526563317,
            55.30395401497997,
            55.39104685594844,
            55.408465424142136,
            56.68002090228183,
            56.488416652151194,
            56.453579515763806,
            56.24455669743947,
            54.53753701445741,
            55.721999651628636,
            55.600069674272774,
            54.711722696394354,
            55.61748824246647,
            56.81936944783139,
            56.08778958369622,
            56.55809092492597,
            56.99355512976833,
            57.13290367531789,
            57.25483365267375,
            57.32450792544853,
            57.25483365267375,
            57.06322940254311,
            57.06322940254311,
            57.16774081170528,
            56.958717993380944,
            56.88904372060617,
            56.923880856993556,
            56.88904372060617,
            56.73227660686292,
            57.06322940254311,
            56.83678801602508,
            56.923880856993556,
            56.941299425187246,
            56.74969517505661,
            57.376763630029615,
            56.88904372060617,
            57.01097369796203,
            57.06322940254311,
            56.941299425187246,
            57.34192649364222,
            57.237415084480055,
            57.35934506183592,
            57.06322940254311,
            57.080647970736806,
            57.02839226615572,
            57.01097369796203,
            56.90646228879986,
            57.18515937989897,
            56.90646228879986,
            56.97613656157464,
            57.01097369796203,
            57.115485107124194,
            57.01097369796203,
            57.27225222086744,
            57.115485107124194,
            57.04581083434942,
            57.237415084480055,
            57.0980665389305,
            57.25483365267375,
            57.0980665389305,
            57.18515937989897,
            57.06322940254311,
            57.15032224351158,
            57.06322940254311,
            57.27225222086744,
            57.13290367531789,
            57.01097369796203,
            57.18515937989897,
            57.0980665389305
        ]
    }
}