{
    "Dropout": {
        "dropout_rate": 0.05,
        "validation_accuracy": [
            45.758578644835396,
            47.86622539627243,
            49.71259362480404,
            51.802821808047376,
            54.62462985542589,
            52.79568019508796,
            54.03239853684027,
            53.70144574116008,
            53.98014283225919,
            53.64919003657899,
            52.3776345584393,
            53.05695871799338,
            54.659466991813275,
            53.85821285490333,
            54.520118446263716,
            55.16460546943041,
            55.5129768333043,
            53.50984149102944,
            55.11234976484933,
            56.331649538407945,
            55.89618533356558,
            54.5723741508448,
            55.26911687859258,
            55.47813969691691,
            55.16460546943041,
            55.00783835568716,
            55.93102246995297,
            55.11234976484933,
            54.53753701445741,
            55.09493119665564,
            56.14004528827731,
            56.645183765894444,
            55.861348197178195,
            56.784532311443996,
            55.02525692388086,
            55.63490681066016,
            54.46786274168263,
            55.913603901759274,
            56.05295244730883,
            56.08778958369622,
            56.20971956105208,
            55.878766765371886,
            56.97613656157464,
            56.57550949311967,
            56.157463856471,
            55.600069674272774,
            56.488416652151194,
            55.46072112872322,
            56.035533879115135,
            55.565232537885386,
            55.73941821982233,
            55.565232537885386,
            55.61748824246647,
            55.47813969691691,
            54.224002786970914,
            55.861348197178195,
            55.721999651628636,
            56.41874237937642,
            55.530395401498,
            55.80909249259711,
            55.32137258317366,
            55.09493119665564,
            56.29681240202056,
            55.26911687859258,
            56.505835220344885,
            56.488416652151194,
            56.54067235673228,
            56.29681240202056,
            56.36648667479533,
            56.74969517505661,
            56.88904372060617,
            56.73227660686292,
            56.87162515241247,
            57.01097369796203,
            56.99355512976833,
            56.801950879637694,
            57.15032224351158,
            56.83678801602508,
            56.99355512976833,
            56.87162515241247,
            56.59292806131336,
            56.958717993380944,
            56.59292806131336,
            56.767113743250306,
            56.83678801602508,
            56.801950879637694,
            57.02839226615572,
            56.81936944783139,
            56.645183765894444,
            56.88904372060617,
            57.02839226615572,
            56.87162515241247,
            56.85420658421878,
            56.81936944783139,
            56.801950879637694,
            56.87162515241247,
            56.784532311443996,
            56.87162515241247,
            56.85420658421878,
            56.74969517505661
        ]
    }
}