{
    "DropShake": {
        "dropout_rate": 0.0,
        "test_accuracy": [
            43.47674621146142,
            51.00156767113743,
            53.37049294547988,
            53.89304999129072,
            55.06009406026825,
            57.89932067584044,
            56.83678801602508,
            57.690297857516114,
            58.178017766939554,
            57.707716425709805,
            52.96986587702491,
            58.160599198745864,
            55.861348197178195,
            55.286535446786274,
            56.55809092492597,
            57.46385647099808,
            57.533530743772864,
            56.923880856993556,
            58.21285490332695,
            58.021250653196304,
            56.488416652151194,
            57.02839226615572,
            58.31736631248911,
            57.42901933461069,
            55.54781396969169,
            57.89932067584044,
            58.33478488068281,
            59.83278174534053,
            59.57150322243512,
            57.56836788016025,
            58.77024908552517,
            57.63804215293503,
            57.06322940254311,
            58.125762062358476,
            57.91673924403414,
            59.90245601811531,
            58.85734192649364,
            58.07350635777739,
            57.82964640306567,
            60.19857167740812,
            58.64831910816931,
            58.87476049468734,
            57.62062358474133,
            58.85734192649364,
            58.50897056261975,
            59.223131858561224,
            58.83992335829995,
            58.23027347152064,
            58.6831562445567,
            58.57864483539453,
            57.58578644835394,
            58.0560877895837,
            58.6831562445567,
            58.71799338094409,
            59.51924751785403,
            57.91673924403414,
            58.70057481275039,
            57.58578644835394,
            58.3696220170702,
            59.170876153980146,
            59.379898972304474,
            58.57864483539453,
            58.92701619926842,
            58.9792719038495,
            58.57864483539453,
            60.04180456366487,
            59.11862044939906,
            59.51924751785403,
            59.44957324507926,
            59.41473610869186,
            60.09406026824595,
            58.54380769900714,
            58.78766765371886,
            58.42187772165128,
            59.39731754049817,
            58.77024908552517,
            59.41473610869186,
            56.662602334088135,
            59.41473610869186,
            59.72827033617837,
            57.88190210764675,
            58.456714858038666,
            58.96185333565581,
            59.031527608430586,
            59.362480404110784,
            59.170876153980146,
            59.345061835917086,
            59.44957324507926,
            58.892179062881034,
            57.79480926667828,
            58.9792719038495,
            58.282529176101725,
            58.9966904720432,
            58.83992335829995,
            59.797944608953145,
            58.10834349416478,
            59.693433199790974,
            58.21285490332695,
            59.39731754049817,
            58.83992335829995
        ]
    }
}