{
    "DropShake": {
        "dropout_rate": 0.0,
        "test_accuracy": [
            24.804041107820936,
            24.716948266852466,
            25.93624804041108,
            30.343145793415783,
            28.86256749695175,
            38.75631423097021,
            43.28514196133078,
            41.856819369447834,
            47.98815537362829,
            49.29454798815537,
            53.05695871799338,
            53.26598153631772,
            54.990419787493465,
            56.801950879637694,
            54.398188468907854,
            52.16861174011496,
            56.69743947047553,
            55.07751262846194,
            55.129768333043025,
            57.30708935725483,
            56.331649538407945,
            56.12262672008361,
            53.022121581605994,
            57.93415781222784,
            53.178888695349244,
            58.31736631248911,
            56.57550949311967,
            57.89932067584044,
            56.331649538407945,
            57.847064971259364,
            49.01585089705626,
            55.46072112872322,
            56.10520815188991,
            55.35620971956105,
            52.27312314927713,
            56.88904372060617,
            53.64919003657899,
            57.411600766417,
            57.51611217557917,
            56.610346629507056,
            58.82250479010625,
            56.645183765894444,
            56.08778958369622,
            56.38390524298902,
            56.174882424664695,
            56.00069674272775,
            57.82964640306567,
            53.84079428670963,
            55.251698310398886,
            53.56209719561052,
            56.14004528827731,
            51.837658944434764,
            57.27225222086744,
            54.58979271903849,
            56.662602334088135,
            55.23427974220519,
            58.85734192649364,
            57.707716425709805,
            56.57550949311967,
            57.864483539453055,
            56.97613656157464,
            57.04581083434942,
            57.42901933461069,
            56.035533879115135,
            57.15032224351158,
            50.75770771642571,
            54.43302560529524,
            56.610346629507056,
            56.85420658421878,
            55.18202403762411,
            51.7505661034663,
            56.74969517505661,
            55.07751262846194,
            54.8684898101376,
            56.54067235673228,
            53.09179585438077,
            57.080647970736806,
            56.90646228879986,
            54.398188468907854,
            57.01097369796203,
            56.69743947047553,
            54.8859083783313,
            57.04581083434942,
            54.31109562793938,
            56.22713812924577,
            53.52726005922313,
            53.84079428670963,
            58.83992335829995,
            57.91673924403414,
            55.2168611740115,
            55.63490681066016,
            53.039540149799684,
            53.85821285490333,
            55.32137258317366,
            57.864483539453055,
            57.32450792544853,
            56.43616094757011,
            56.14004528827731,
            54.58979271903849,
            55.49555826511061
        ]
    }
}