{
    "DropShake": {
        "dropout_rate": 0.0,
        "test_accuracy": [
            43.42449050688033,
            48.66747953318237,
            49.29454798815537,
            51.48928758056088,
            55.23427974220519,
            55.861348197178195,
            57.46385647099808,
            55.61748824246647,
            56.20971956105208,
            57.7251349939035,
            57.550949311966555,
            56.88904372060617,
            58.3696220170702,
            58.80508622191256,
            56.488416652151194,
            57.968994948615226,
            57.21999651628636,
            58.87476049468734,
            59.327643267723396,
            58.003832085002614,
            58.24769203971434,
            58.596063403588225,
            59.031527608430586,
            57.89932067584044,
            58.96185333565581,
            58.09092492597109,
            58.63090053997561,
            59.72827033617837,
            58.735411949137784,
            59.048946176624284,
            59.29280613133601,
            59.205713290367534,
            58.125762062358476,
            59.031527608430586,
            59.3102246995297,
            58.78766765371886,
            59.972130290890085,
            59.83278174534053,
            60.05922313185856,
            59.25796899494861,
            58.83992335829995,
            60.07664170005226,
            58.49155199442606,
            59.41473610869186,
            59.72827033617837,
            59.031527608430586,
            58.282529176101725,
            59.223131858561224,
            59.658596063403586,
            59.46699181327295,
            59.98954885908378,
            60.63403588225048,
            59.46699181327295,
            58.82250479010625,
            59.27538756314231,
            59.86761888172792,
            59.379898972304474,
            59.048946176624284,
            60.19857167740812,
            59.536666086047724,
            60.18115310921442,
            59.83278174534053,
            59.362480404110784,
            59.90245601811531,
            60.12889740463334,
            59.71085176798467,
            59.484410381466645,
            59.39731754049817,
            59.13603901759275,
            59.815363177146835,
            58.56122626720084,
            59.86761888172792,
            60.61661731405678,
            60.35533879115137,
            59.88503744992162,
            59.41473610869186,
            59.6237589270162,
            59.641177495209895,
            59.29280613133601,
            60.268245950182894,
            59.91987458630901,
            60.407594495732454,
            59.55408465424142,
            60.703710155025256,
            59.327643267723396,
            59.25796899494861,
            59.44957324507926,
            59.501828949660336,
            59.797944608953145,
            59.85020031353423,
            60.14631597282703,
            60.09406026824595,
            60.04180456366487,
            59.98954885908378,
            59.85020031353423,
            59.11862044939906,
            59.78052604075945,
            59.58892179062881,
            59.88503744992162,
            60.12889740463334
        ]
    }
}