{
    "DropShake": {
        "dropout_rate": 0.0,
        "test_accuracy": [
            45.54955582651106,
            50.18289496603379,
            52.865354467862744,
            53.12663299076816,
            55.47813969691691,
            57.79480926667828,
            57.25483365267375,
            57.655460721128726,
            56.488416652151194,
            58.38704058526389,
            59.205713290367534,
            56.57550949311967,
            52.6737502177321,
            57.75997213029089,
            58.57864483539453,
            58.56122626720084,
            56.87162515241247,
            58.3522034488765,
            55.42588399233583,
            57.28967078906114,
            58.3696220170702,
            58.0560877895837,
            58.31736631248911,
            59.86761888172792,
            59.379898972304474,
            59.484410381466645,
            56.99355512976833,
            58.3522034488765,
            58.56122626720084,
            59.10120188120536,
            58.50897056261975,
            58.0560877895837,
            59.188294722173836,
            58.23027347152064,
            59.41473610869186,
            59.41473610869186,
            58.63090053997561,
            59.15345758578645,
            58.80508622191256,
            59.536666086047724,
            58.71799338094409,
            60.30308308657028,
            58.85734192649364,
            58.96185333565581,
            59.71085176798467,
            59.44957324507926,
            58.10834349416478,
            60.07664170005226,
            59.972130290890085,
            59.954711722696395,
            59.46699181327295,
            58.54380769900714,
            59.83278174534053,
            59.13603901759275,
            59.27538756314231,
            60.21599024560181,
            59.78052604075945,
            58.92701619926842,
            59.85020031353423,
            58.78766765371886,
            58.09092492597109,
            58.09092492597109,
            58.56122626720084,
            58.752830517331475,
            58.6831562445567,
            59.08378331301167,
            58.10834349416478,
            58.77024908552517,
            58.665737676363,
            57.864483539453055,
            60.07664170005226,
            60.07664170005226,
            58.735411949137784,
            58.892179062881034,
            59.90245601811531,
            59.536666086047724,
            59.379898972304474,
            59.484410381466645,
            59.57150322243512,
            59.658596063403586,
            59.658596063403586,
            59.10120188120536,
            59.9372931545027,
            59.815363177146835,
            59.15345758578645,
            59.379898972304474,
            59.954711722696395,
            60.63403588225048,
            60.04180456366487,
            60.250827381989204,
            59.39731754049817,
            59.91987458630901,
            60.233408813795506,
            60.63403588225048,
            59.58892179062881,
            59.43215467688556,
            60.12889740463334,
            60.30308308657028,
            59.536666086047724,
            60.19857167740812
        ],
        "test_loss": [
            1.5011951406796773,
            1.345277382267846,
            1.2217240386539034,
            1.3430880784988404,
            1.226485220591227,
            1.157707964711719,
            1.1599144981967078,
            1.1911558522118462,
            1.1944396177927652,
            1.1359940694438087,
            1.1040202644136217,
            1.1676738586690691,
            1.127453801367018,
            1.1673073569933574,
            1.2207099205917782,
            1.2319802814059788,
            1.2172778891192542,
            1.2625643776522741,
            1.3168893304136065,
            1.2397467248969607,
            1.318419677681393,
            1.3184918105602264,
            1.3644011398156484,
            1.41148532099194,
            1.4679166105058459,
            1.4695549931791094,
            1.4547413925329844,
            1.5463584886656867,
            1.463472733894984,
            1.437933266825146,
            1.521137720346451,
            1.5252041836579642,
            1.5202848109934064,
            1.5256816466649374,
            1.5480519367588892,
            1.5984865307807923,
            1.590182481871711,
            1.5789902018176185,
            1.7110175834761725,
            1.6055759575631883,
            1.5783625410662756,
            1.616307653983434,
            1.628675937652588,
            1.7103765500916375,
            1.7229887101385328,
            1.6802901956770155,
            1.6554828524589538,
            1.7673716326554616,
            1.6173534439669714,
            1.6837254921595255,
            1.6735932807127634,
            1.802075172132916,
            1.7576353953944313,
            1.7524710138638815,
            1.8287234445412954,
            1.8827101740572187,
            1.748093044757843,
            1.7788544608487022,
            1.749590536620882,
            1.828638677464591,
            1.7984698004192776,
            1.9052038835154639,
            1.8111828770902423,
            1.7873046312067244,
            1.9304391423861185,
            1.6692826416757371,
            1.9274818413787418,
            1.686730710003111,
            1.779472244448132,
            1.8527669191360474,
            1.8357545521524217,
            1.8503682487540776,
            1.7947611451148986,
            1.7935888151327768,
            1.7690501246187422,
            1.7800159679518806,
            1.8655165745152367,
            1.8598999440670014,
            1.961308468050427,
            1.9064237680700091,
            1.8805297944280837,
            1.9034758223427666,
            1.8435930907726288,
            1.8965173390176562,
            1.9212773965464698,
            1.8669847011566163,
            1.8520266599125332,
            1.9149100277158948,
            1.8810183074739244,
            1.9821181654930116,
            1.854819886551963,
            2.131012362904019,
            1.9911850041813322,
            1.9056278652615017,
            1.8440637740823957,
            2.082815052403344,
            1.940329541100396,
            1.8775179458989038,
            1.9448162847095065,
            2.0433340549468992,
            1.8757559299468993,
            2.0101229270299275,
            1.9464896784888372,
            1.9488465991285113,
            1.9485581543710497,
            1.979539155960083,
            2.0549408502048916,
            1.992564210626814,
            1.9169399340947468,
            2.015736250082652,
            1.9954723967446222,
            1.901408486896091,
            2.0861723820368447,
            2.0396009590890674,
            1.9689225951830547,
            1.9437799877590602,
            2.203085912598504,
            2.042958925829993,
            1.984814981619517,
            1.8884318709373473,
            2.1415033327208626,
            2.115506198671129,
            2.157113062010871,
            1.951091202100118,
            1.9834057807922363,
            2.0919757723808288,
            2.0468747443623014,
            1.9499048418468898,
            1.9908124552832709,
            1.9355737553702461,
            1.9600034402476416,
            2.06275761657291,
            2.011470279428694,
            2.0471978425979613,
            2.0893628391954633,
            2.1073999298943416,
            2.041653671529558,
            1.958173511425654,
            1.919803097512987,
            2.0096623142560324,
            2.0465366588698495,
            2.1798043794102138,
            2.074666714668274,
            2.208296555942959,
            1.8724299364619785,
            2.169176544083489,
            2.009680214193132,
            2.0972297549247743,
            1.9945932706197103,
            2.0504470851686265,
