{
    "Concrete": {
        "dropout_rate": 0.0001,
        "validation_accuracy": [
            45.636648667479534,
            48.68489810137606,
            51.193171921268075,
            52.29054171747082,
            52.90019160425013,
            52.098937467340185,
            52.95244730883121,
            53.07437728618707,
            53.144051558961856,
            54.659466991813275,
            54.10207280961505,
            53.54467862741683,
            53.10921442257447,
            54.76397840097544,
            54.45044417348894,
            53.37049294547988,
            54.69430412820066,
            54.48528130987633,
            54.62462985542589,
            55.93102246995297,
            53.78853858212855,
            55.530395401498,
            54.78139696916914,
            55.09493119665564,
            54.95558265110608,
            55.77425535620972,
            54.8859083783313,
            55.8439296289845,
            54.31109562793938,
            55.93102246995297,
            55.286535446786274,
            55.58265110607908,
            56.36648667479533,
            55.8265110607908,
            54.520118446263716,
            54.8684898101376,
            55.8265110607908,
            55.861348197178195,
            55.73941821982233,
            55.93102246995297,
            54.62462985542589,
            55.66974394704755,
            55.18202403762411,
            54.833652673750215,
            54.903326946525,
            55.33879115136736,
            54.41560703710155,
            54.48528130987633,
            55.5129768333043,
            54.345932764326776,
            55.66974394704755,
            55.79167392440341,
            56.157463856471,
            56.035533879115135,
            56.018115310921445,
            56.08778958369622,
            55.8439296289845,
            56.018115310921445,
            56.14004528827731,
            56.29681240202056,
            56.29681240202056,
            56.27939383382686,
            56.38390524298902,
            56.14004528827731,
            56.26197526563317,
            56.27939383382686,
            56.54067235673228,
            56.38390524298902,
            56.505835220344885,
            56.27939383382686,
            56.07037101550252,
            56.31423097021425,
            56.57550949311967,
            56.10520815188991,
            56.31423097021425,
            56.488416652151194,
            56.69743947047553,
            56.68002090228183,
            56.43616094757011,
            56.62776519770075,
            56.29681240202056,
            56.610346629507056,
            56.73227660686292,
            56.41874237937642,
            56.174882424664695,
            56.40132381118272,
            56.52325378853858,
            56.59292806131336,
            56.192300992858385,
            56.453579515763806,
            56.31423097021425,
            56.52325378853858,
            56.90646228879986,
            56.55809092492597,
            56.767113743250306,
            56.57550949311967,
            56.69743947047553,
            56.68002090228183,
            56.488416652151194,
            56.69743947047553
        ]
    }
}