{
    "Concrete": {
        "dropout_rate": 0.001,
        "validation_accuracy": [
            43.215467688556004,
            46.803692736457066,
            51.193171921268075,
            52.95244730883121,
            52.49956453579516,
            53.318237240898796,
            54.11949137780874,
            52.84793589966905,
            53.99756140045288,
            52.726005922313185,
            54.973001219299775,
            54.990419787493465,
            55.2168611740115,
            54.53753701445741,
            54.206584218777216,
            53.87563142309702,
            55.30395401497997,
            55.49555826511061,
            55.06009406026825,
            56.20971956105208,
            55.861348197178195,
            54.60721128723219,
            55.54781396969169,
            54.85107124194391,
            55.861348197178195,
            56.40132381118272,
            55.46072112872322,
            55.79167392440341,
            56.43616094757011,
            55.443302560529524,
            55.94844103814666,
            55.129768333043025,
            55.565232537885386,
            55.70458108343494,
            55.73941821982233,
            54.60721128723219,
            56.05295244730883,
            55.77425535620972,
            56.767113743250306,
            56.767113743250306,
            55.89618533356558,
            55.443302560529524,
            56.784532311443996,
            57.30708935725483,
            57.58578644835394,
            57.550949311966555,
            57.34192649364222,
            57.46385647099808,
            57.30708935725483,
            57.32450792544853,
            57.376763630029615,
            57.28967078906114,
            57.21999651628636,
            57.06322940254311,
            57.06322940254311,
            57.21999651628636,
            57.30708935725483,
            57.32450792544853,
            57.0980665389305,
            57.20257794809267,
            57.237415084480055,
            57.20257794809267,
            57.32450792544853,
            57.06322940254311,
            57.18515937989897,
            57.16774081170528,
            57.18515937989897,
            57.18515937989897,
            57.533530743772864,
            57.18515937989897,
            57.28967078906114,
            57.080647970736806,
            57.115485107124194,
            57.115485107124194,
            56.99355512976833,
            57.237415084480055,
            56.923880856993556,
            57.34192649364222,
            57.30708935725483,
            57.42901933461069,
            57.32450792544853,
            57.115485107124194,
            57.0980665389305,
            57.18515937989897,
            57.237415084480055,
            57.18515937989897,
            57.27225222086744,
            57.376763630029615,
            57.35934506183592,
            57.18515937989897,
            57.28967078906114,
            57.34192649364222,
            57.34192649364222,
            57.20257794809267,
            57.15032224351158,
            56.85420658421878,
            56.74969517505661,
            57.01097369796203,
            57.01097369796203,
            57.34192649364222
        ]
    }
}