{
    "Concrete": {
        "dropout_rate": 1e-05,
        "validation_accuracy": [
            42.25744643790281,
            46.977878418394006,
            50.461592057132904,
            52.08151889914649,
            53.05695871799338,
            54.711722696394354,
            52.6911687859258,
            52.865354467862744,
            53.12663299076816,
            53.40533008186727,
            53.59693433199791,
            54.76397840097544,
            55.49555826511061,
            55.68716251524125,
            54.01497996864658,
            53.89304999129072,
            55.39104685594844,
            55.129768333043025,
            55.756836788016024,
            55.09493119665564,
            53.771120013934855,
            55.65232537885386,
            55.408465424142136,
            55.2168611740115,
            55.756836788016024,
            54.676885560006966,
            54.85107124194391,
            54.8859083783313,
            55.408465424142136,
            56.331649538407945,
            55.49555826511061,
            55.61748824246647,
            55.30395401497997,
            55.23427974220519,
            56.157463856471,
            56.801950879637694,
            56.08778958369622,
            55.861348197178195,
            55.47813969691691,
            53.64919003657899,
            55.39104685594844,
            53.71886430935377,
            54.72914126458805,
            56.662602334088135,
            56.941299425187246,
            56.07037101550252,
            56.81936944783139,
            56.20971956105208,
            56.331649538407945,
            56.4709980839575,
            56.57550949311967,
            56.505835220344885,
            56.99355512976833,
            56.54067235673228,
            56.59292806131336,
            56.83678801602508,
            56.662602334088135,
            56.74969517505661,
            57.06322940254311,
            56.87162515241247,
            56.610346629507056,
            56.69743947047553,
            56.81936944783139,
            57.02839226615572,
            56.74969517505661,
            57.06322940254311,
            57.16774081170528,
            56.68002090228183,
            56.74969517505661,
            56.767113743250306,
            56.87162515241247,
            56.62776519770075,
            57.080647970736806,
            56.59292806131336,
            56.801950879637694,
            56.610346629507056,
            56.62776519770075,
            56.87162515241247,
            56.88904372060617,
            56.87162515241247,
            56.59292806131336,
            56.71485803866922,
            56.52325378853858,
            56.55809092492597,
            56.941299425187246,
            56.767113743250306,
            56.81936944783139,
            56.74969517505661,
            56.85420658421878,
            56.71485803866922,
            56.74969517505661,
            56.62776519770075,
            56.55809092492597,
            56.645183765894444,
            56.610346629507056,
            56.73227660686292,
            56.62776519770075,
            56.54067235673228,
            56.88904372060617,
            56.784532311443996
        ]
    }
}