{
    "Concrete": {
        "dropout_rate": 0.0,
        "test_accuracy": [
            44.9150181108944,
            47.06046252438005,
            54.583449428810255
        ]
    }
}