{
    "DropBlock": {
        "dropout_rate": 0.6,
        "validation_accuracy": [
            45.06183591708761,
            48.40620101027695,
            51.01898623933113,
            53.09179585438077,
            54.17174708238983,
            53.21372583173663,
            56.784532311443996,
            54.76397840097544,
            56.331649538407945,
            56.174882424664695,
            56.488416652151194,
            57.13290367531789,
            55.8439296289845,
            57.20257794809267,
            57.27225222086744,
            57.968994948615226,
            57.42901933461069,
            57.62062358474133,
            57.79480926667828,
            58.87476049468734,
            58.0560877895837,
            57.46385647099808,
            58.80508622191256,
            56.87162515241247,
            58.42187772165128,
            58.77024908552517,
            58.892179062881034,
            58.54380769900714,
            58.0560877895837,
            58.282529176101725,
            57.864483539453055,
            58.80508622191256,
            58.6831562445567,
            59.815363177146835,
            58.54380769900714,
            57.968994948615226,
            58.456714858038666,
            58.9792719038495,
            58.94443476746211,
            58.3522034488765,
            58.125762062358476,
            59.014109040236896,
            58.03866922139,
            59.066364744817974,
            58.19543633513325,
            59.08378331301167,
            59.25796899494861,
            59.3102246995297,
            59.223131858561224,
            59.6237589270162,
            59.11862044939906,
            59.11862044939906,
            59.170876153980146,
            59.797944608953145,
            59.484410381466645,
            58.596063403588225,
            60.02438599547117,
            58.64831910816931,
            58.456714858038666,
            59.362480404110784,
            59.85020031353423,
            59.641177495209895,
            59.27538756314231,
            60.111478836439645,
            59.13603901759275,
            58.47413342623236,
            59.641177495209895,
            58.96185333565581,
            59.484410381466645,
            59.44957324507926,
            59.641177495209895,
            59.641177495209895,
            59.15345758578645,
            59.362480404110784,
            58.3522034488765,
            60.21599024560181,
            59.484410381466645,
            58.80508622191256,
            59.797944608953145,
            59.60634035882251,
            58.665737676363,
            58.909597631074725,
            59.6237589270162,
            59.29280613133601,
            58.9966904720432,
            59.25796899494861,
            59.327643267723396,
            59.345061835917086,
            60.05922313185856,
            59.51924751785403,
            59.76310747256576,
            59.44957324507926,
            59.72827033617837,
            58.892179062881034,
            59.43215467688556,
            59.815363177146835,
            59.641177495209895,
            59.46699181327295,
            58.94443476746211,
            59.41473610869186
        ]
    }
}