{
    "DropBlock": {
        "dropout_rate": 0.3,
        "validation_accuracy": [
            44.36509318933984,
            48.2494338965337,
            50.49642919352029,
            52.65633164953841,
            53.300818672705105,
            54.398188468907854,
            55.251698310398886,
            55.94844103814666,
            55.79167392440341,
            55.04267549207455,
            54.76397840097544,
            54.380769900714164,
            55.408465424142136,
            56.662602334088135,
            56.035533879115135,
            55.8265110607908,
            57.63804215293503,
            57.376763630029615,
            56.10520815188991,
            57.394182198223305,
            56.83678801602508,
            57.411600766417,
            55.73941821982233,
            56.923880856993556,
            56.767113743250306,
            57.18515937989897,
            55.89618533356558,
            56.87162515241247,
            56.645183765894444,
            56.68002090228183,
            56.59292806131336,
            57.411600766417,
            57.15032224351158,
            57.18515937989897,
            56.801950879637694,
            55.861348197178195,
            56.73227660686292,
            57.60320501654764,
            57.06322940254311,
            57.79480926667828,
            57.58578644835394,
            57.16774081170528,
            56.88904372060617,
            57.13290367531789,
            58.3696220170702,
            57.655460721128726,
            57.82964640306567,
            57.67287928932242,
            57.27225222086744,
            57.79480926667828,
            57.13290367531789,
            56.90646228879986,
            57.080647970736806,
            57.27225222086744,
            57.56836788016025,
            56.801950879637694,
            57.15032224351158,
            58.003832085002614,
            57.34192649364222,
            57.44643790280439,
            58.23027347152064,
            57.74255356209719,
            58.07350635777739,
            57.20257794809267,
            57.58578644835394,
            57.28967078906114,
            58.40445915345759,
            56.87162515241247,
            57.237415084480055,
            57.394182198223305,
            57.20257794809267,
            57.58578644835394,
            57.115485107124194,
            57.847064971259364,
            57.411600766417,
            56.958717993380944,
            57.48127503919178,
            57.75997213029089,
            58.3696220170702,
            57.498693607385476,
            57.690297857516114,
            57.690297857516114,
            58.54380769900714,
            57.58578644835394,
            57.394182198223305,
            57.58578644835394,
            58.50897056261975,
            57.82964640306567,
            57.91673924403414,
            57.812227834871976,
            57.812227834871976,
            57.15032224351158,
            57.58578644835394,
            58.160599198745864,
            57.655460721128726,
            57.51611217557917,
            58.38704058526389,
            56.784532311443996,
            58.282529176101725,
            58.021250653196304
        ]
    }
}