{
    "DropBlock": {
        "dropout_rate": 0.5,
        "validation_accuracy": [
            42.031005051384774,
            45.619230099285836,
            52.551820240376244,
            53.59693433199791,
            52.865354467862744,
            53.614352900191605,
            54.990419787493465,
            53.196307263542934,
            56.035533879115135,
            55.47813969691691,
            56.505835220344885,
            56.27939383382686,
            56.05295244730883,
            57.18515937989897,
            56.36648667479533,
            57.32450792544853,
            54.049817105033966,
            58.07350635777739,
            57.690297857516114,
            57.58578644835394,
            56.784532311443996,
            57.690297857516114,
            58.03866922139,
            57.0980665389305,
            58.003832085002614,
            57.89932067584044,
            57.62062358474133,
            58.64831910816931,
            58.31736631248911,
            56.801950879637694,
            57.44643790280439,
            57.93415781222784,
            57.82964640306567,
            57.498693607385476,
            58.752830517331475,
            58.03866922139,
            58.03866922139,
            59.188294722173836,
            57.91673924403414,
            58.456714858038666,
            58.282529176101725,
            58.735411949137784,
            58.83992335829995,
            57.67287928932242,
            58.57864483539453,
            57.60320501654764,
            58.56122626720084,
            58.3522034488765,
            58.23027347152064,
            58.78766765371886,
            58.71799338094409,
            58.61348197178192,
            58.78766765371886,
            58.47413342623236,
            58.61348197178192,
            58.160599198745864,
            59.170876153980146,
            58.56122626720084,
            58.299947744295416,
            57.394182198223305,
            59.41473610869186,
            58.31736631248911,
            58.96185333565581,
            59.031527608430586,
            57.89932067584044,
            58.6831562445567,
            59.014109040236896,
            58.56122626720084,
            58.3522034488765,
            58.96185333565581,
            59.13603901759275,
            58.78766765371886,
            58.38704058526389,
            59.345061835917086,
            58.752830517331475,
            59.205713290367534,
            58.49155199442606,
            58.665737676363,
            58.47413342623236,
            58.47413342623236,
            59.29280613133601,
            58.83992335829995,
            58.892179062881034,
            59.205713290367534,
            58.80508622191256,
            59.24055042675492,
            58.82250479010625,
            59.39731754049817,
            59.345061835917086,
            58.752830517331475,
            58.54380769900714,
            59.11862044939906,
            58.10834349416478,
            57.91673924403414,
            58.78766765371886,
            58.71799338094409,
            59.27538756314231,
            59.014109040236896,
            59.188294722173836,
            59.3102246995297
        ]
    }
}