{
    "DropBlock": {
        "dropout_rate": 0.1,
        "validation_accuracy": [
            44.1560703710155,
            49.34680369273646,
            50.618359170876154,
            53.42274865006097,
            54.17174708238983,
            53.12663299076816,
            55.18202403762411,
            55.251698310398886,
            55.18202403762411,
            54.084654241421354,
            51.64605469430413,
            53.80595715032224,
            52.6737502177321,
            54.64204842361958,
            55.42588399233583,
            54.92074551471869,
            54.973001219299775,
            55.35620971956105,
            56.14004528827731,
            54.41560703710155,
            56.07037101550252,
            55.47813969691691,
            55.66974394704755,
            55.58265110607908,
            55.94844103814666,
            56.57550949311967,
            56.31423097021425,
            56.31423097021425,
            56.68002090228183,
            56.22713812924577,
            55.721999651628636,
            56.43616094757011,
            57.20257794809267,
            56.645183765894444,
            57.67287928932242,
            57.56836788016025,
            56.69743947047553,
            57.411600766417,
            56.87162515241247,
            56.10520815188991,
            56.73227660686292,
            55.96585960634036,
            56.69743947047553,
            57.080647970736806,
            57.06322940254311,
            56.941299425187246,
            56.941299425187246,
            56.767113743250306,
            56.157463856471,
            57.7251349939035,
            55.73941821982233,
            56.488416652151194,
            56.12262672008361,
            56.941299425187246,
            56.05295244730883,
            55.65232537885386,
            56.488416652151194,
            56.958717993380944,
            57.498693607385476,
            57.21999651628636,
            57.27225222086744,
            57.06322940254311,
            57.18515937989897,
            56.4709980839575,
            57.58578644835394,
            57.67287928932242,
            57.16774081170528,
            57.02839226615572,
            56.43616094757011,
            57.237415084480055,
            57.394182198223305,
            57.06322940254311,
            56.87162515241247,
            56.801950879637694,
            57.46385647099808,
            56.73227660686292,
            57.60320501654764,
            57.60320501654764,
            57.498693607385476,
            56.645183765894444,
            56.83678801602508,
            56.81936944783139,
            56.68002090228183,
            57.25483365267375,
            56.4709980839575,
            57.95157638042153,
            56.90646228879986,
            57.20257794809267,
            57.376763630029615,
            57.0980665389305,
            56.31423097021425,
            57.411600766417,
            57.7251349939035,
            57.60320501654764,
            56.610346629507056,
            56.74969517505661,
            57.15032224351158,
            56.87162515241247,
            57.15032224351158,
            57.13290367531789
        ]
    }
}