{
    "DropBlock": {
        "dropout_rate": 0.05,
        "validation_accuracy": [
            45.54955582651106,
            49.259710851767984,
            49.381640829123846,
            54.29367705974569,
            53.87563142309702,
            52.49956453579516,
            53.26598153631772,
            55.565232537885386,
            53.771120013934855,
            54.46786274168263,
            55.23427974220519,
            54.64204842361958,
            55.5129768333043,
            54.659466991813275,
            54.380769900714164,
            55.408465424142136,
            55.33879115136736,
            54.92074551471869,
            54.5723741508448,
            55.251698310398886,
            54.363351332520466,
            55.63490681066016,
            55.65232537885386,
            55.66974394704755,
            55.79167392440341,
            56.38390524298902,
            57.15032224351158,
            56.24455669743947,
            56.4709980839575,
            55.2168611740115,
            56.018115310921445,
            57.0980665389305,
            56.90646228879986,
            56.07037101550252,
            56.20971956105208,
            56.610346629507056,
            56.54067235673228,
            56.24455669743947,
            56.74969517505661,
            57.18515937989897,
            56.662602334088135,
            56.157463856471,
            56.38390524298902,
            56.36648667479533,
            56.97613656157464,
            56.801950879637694,
            56.505835220344885,
            57.15032224351158,
            55.96585960634036,
            56.488416652151194,
            56.958717993380944,
            56.801950879637694,
            56.767113743250306,
            55.77425535620972,
            56.05295244730883,
            55.89618533356558,
            57.20257794809267,
            57.28967078906114,
            56.90646228879986,
            57.32450792544853,
            56.505835220344885,
            56.40132381118272,
            55.861348197178195,
            56.62776519770075,
            56.52325378853858,
            57.15032224351158,
            57.0980665389305,
            56.018115310921445,
            55.98327817453405,
            58.03866922139,
            56.923880856993556,
            57.18515937989897,
            55.58265110607908,
            57.20257794809267,
            56.57550949311967,
            57.42901933461069,
            57.13290367531789,
            56.923880856993556,
            57.25483365267375,
            57.28967078906114,
            56.99355512976833,
            57.01097369796203,
            58.178017766939554,
            57.35934506183592,
            57.550949311966555,
            58.09092492597109,
            57.27225222086744,
            56.767113743250306,
            57.655460721128726,
            57.60320501654764,
            57.27225222086744,
            57.63804215293503,
            55.93102246995297,
            57.080647970736806,
            56.801950879637694,
            57.34192649364222,
            56.81936944783139,
            55.913603901759274,
            56.81936944783139,
            56.71485803866922
        ]
    }
}