{
    "DropBlock": {
        "dropout_rate": 0.2,
        "validation_accuracy": [
            45.70632294025431,
            50.13063926145271,
            52.882773036056435,
            54.01497996864658,
            53.44016721825466,
            54.13690994600244,
            55.68716251524125,
            54.206584218777216,
            55.46072112872322,
            55.861348197178195,
            54.13690994600244,
            55.61748824246647,
            55.756836788016024,
            55.251698310398886,
            56.00069674272775,
            56.10520815188991,
            56.00069674272775,
            55.8439296289845,
            56.22713812924577,
            55.61748824246647,
            55.18202403762411,
            55.93102246995297,
            56.97613656157464,
            56.55809092492597,
            56.68002090228183,
            57.115485107124194,
            56.87162515241247,
            56.662602334088135,
            56.645183765894444,
            57.115485107124194,
            57.02839226615572,
            56.99355512976833,
            57.533530743772864,
            56.662602334088135,
            57.115485107124194,
            58.021250653196304,
            56.99355512976833,
            56.97613656157464,
            58.160599198745864,
            58.49155199442606,
            57.115485107124194,
            58.10834349416478,
            57.080647970736806,
            57.34192649364222,
            57.56836788016025,
            57.25483365267375,
            57.25483365267375,
            58.299947744295416,
            57.394182198223305,
            57.376763630029615,
            56.83678801602508,
            56.99355512976833,
            57.82964640306567,
            56.97613656157464,
            57.67287928932242,
            57.75997213029089,
            57.35934506183592,
            58.21285490332695,
            57.60320501654764,
            57.44643790280439,
            57.75997213029089,
            57.75997213029089,
            57.394182198223305,
            57.968994948615226,
            57.77739069848459,
            58.33478488068281,
            57.88190210764675,
            57.986413516808916,
            57.812227834871976,
            58.3696220170702,
            58.26511060790803,
            58.07350635777739,
            56.99355512976833,
            58.03866922139,
            57.847064971259364,
            57.847064971259364,
            57.74255356209719,
            57.20257794809267,
            57.75997213029089,
            57.20257794809267,
            57.986413516808916,
            57.42901933461069,
            57.394182198223305,
            58.07350635777739,
            57.376763630029615,
            57.46385647099808,
            57.48127503919178,
            57.93415781222784,
            58.3696220170702,
            58.54380769900714,
            58.21285490332695,
            58.143180630552166,
            58.31736631248911,
            57.67287928932242,
            57.56836788016025,
            57.62062358474133,
            57.48127503919178,
            57.533530743772864,
            56.81936944783139,
            57.62062358474133
        ]
    }
}